<?xml version="1.0" encoding="UTF-8"?>
<project-private xmlns="http://www.netbeans.org/ns/project-private/1">
    <editor-bookmarks xmlns="http://www.netbeans.org/ns/editor-bookmarks/2" lastBookmarkId="0"/>
    <open-files xmlns="http://www.netbeans.org/ns/projectui-open-files/2">
        <group>
            <file>file:/home/simao/NetBeansProjects/trab1_aed/src/trab1/Inscricao.java</file>
            <file>file:/home/simao/NetBeansProjects/trab1_aed/src/trab1/NaoFederado.java</file>
            <file>file:/home/simao/NetBeansProjects/trab1_aed/src/trab1/Federado.java</file>
            <file>file:/home/simao/NetBeansProjects/trab1_aed/src/trab1/Atleta.java</file>
            <file>file:/home/simao/NetBeansProjects/trab1_aed/src/trab1/Prova.java</file>
            <file>file:/home/simao/NetBeansProjects/trab1_aed/src/principal/Principal.java</file>
        </group>
    </open-files>
</project-private>
